response_code,category,action_code,expected_local_file
BC_OPENING,fixed_opening,,audio/opening/BC_OPENING.wav
BC_BRD01_PREFERRED,broad,ACT_PRESENT_FIRST,audio/broad/BC_BRD01_PREFERRED.wav
BC_BRD01_ALTERNATIVE,broad,ACT_PRESENT_FIRST,audio/broad/BC_BRD01_ALTERNATIVE.wav
BC_BRD02_PREFERRED,broad,ACT_PRESENT_FIRST,audio/broad/BC_BRD02_PREFERRED.wav
BC_BRD02_ALTERNATIVE,broad,ACT_PRESENT_FIRST,audio/broad/BC_BRD02_ALTERNATIVE.wav
BC_BRD03_PREFERRED,broad,ACT_PRESENT_FIRST,audio/broad/BC_BRD03_PREFERRED.wav
BC_BRD03_ALTERNATIVE,broad,ACT_PRESENT_FIRST,audio/broad/BC_BRD03_ALTERNATIVE.wav
BC_BRD04_PREFERRED,broad,ACT_PRESENT_FIRST,audio/broad/BC_BRD04_PREFERRED.wav
BC_BRD04_ALTERNATIVE,broad,ACT_PRESENT_FIRST,audio/broad/BC_BRD04_ALTERNATIVE.wav
BC_BRD05_PREFERRED,broad,ACT_PRESENT_SECOND,audio/broad/BC_BRD05_PREFERRED.wav
BC_BRD05_ALTERNATIVE,broad,ACT_PRESENT_SECOND,audio/broad/BC_BRD05_ALTERNATIVE.wav
BC_BRD06_PREFERRED,broad,ACT_PRESENT_SECOND,audio/broad/BC_BRD06_PREFERRED.wav
BC_BRD06_ALTERNATIVE,broad,ACT_PRESENT_SECOND,audio/broad/BC_BRD06_ALTERNATIVE.wav
BC_BRD07_PREFERRED,broad,ACT_PRESENT_SECOND,audio/broad/BC_BRD07_PREFERRED.wav
BC_BRD07_ALTERNATIVE,broad,ACT_PRESENT_SECOND,audio/broad/BC_BRD07_ALTERNATIVE.wav
BC_BRD08_PREFERRED,broad,ACT_PRESENT_SECOND,audio/broad/BC_BRD08_PREFERRED.wav
BC_BRD08_ALTERNATIVE,broad,ACT_PRESENT_SECOND,audio/broad/BC_BRD08_ALTERNATIVE.wav
BC_BRD09_PREFERRED,broad,ACT_PREFERENCE,audio/broad/BC_BRD09_PREFERRED.wav
BC_BRD09_ALTERNATIVE,broad,ACT_PREFERENCE,audio/broad/BC_BRD09_ALTERNATIVE.wav
BC_SPC01_SHIRT_TYPE,specific,ACT_PRESENT_FIRST,audio/specific/BC_SPC01_SHIRT_TYPE.wav
BC_SPC02_SHIRT_COLOR,specific,ACT_PRESENT_FIRST,audio/specific/BC_SPC02_SHIRT_COLOR.wav
BC_SPC03_SHIRT_MATERIAL,specific,ACT_PRESENT_FIRST,audio/specific/BC_SPC03_SHIRT_MATERIAL.wav
BC_SPC04_SHIRT_MATERIAL_FEEL,specific,ACT_PRESENT_FIRST,audio/specific/BC_SPC04_SHIRT_MATERIAL_FEEL.wav
BC_SPC05_SHIRT_PATTERN,specific,ACT_PRESENT_FIRST,audio/specific/BC_SPC05_SHIRT_PATTERN.wav
BC_SPC06_SHIRT_BUTTONS,specific,ACT_PRESENT_FIRST,audio/specific/BC_SPC06_SHIRT_BUTTONS.wav
BC_SPC07_SHIRT_COLLAR,specific,ACT_PRESENT_FIRST,audio/specific/BC_SPC07_SHIRT_COLLAR.wav
BC_SPC08_SHIRT_FIT,specific,ACT_PRESENT_FIRST,audio/specific/BC_SPC08_SHIRT_FIT.wav
BC_SPC09_SHIRT_WORK_USE,specific,ACT_PRESENT_FIRST,audio/specific/BC_SPC09_SHIRT_WORK_USE.wav
BC_SPC10_SHIRT_CASUAL_USE,specific,ACT_PRESENT_FIRST,audio/specific/BC_SPC10_SHIRT_CASUAL_USE.wav
BC_SPC11_SHIRT_COLOR_MATCHING,specific,ACT_PRESENT_FIRST,audio/specific/BC_SPC11_SHIRT_COLOR_MATCHING.wav
BC_SPC12_SHIRT_SEASON_USE,specific,ACT_PRESENT_FIRST,audio/specific/BC_SPC12_SHIRT_SEASON_USE.wav
BC_SPC13_SHIRT_LAYERING,specific,ACT_PRESENT_FIRST,audio/specific/BC_SPC13_SHIRT_LAYERING.wav
BC_SPC14_SHIRT_PRACTICALITY,specific,ACT_PRESENT_FIRST,audio/specific/BC_SPC14_SHIRT_PRACTICALITY.wav
BC_SPC15_SHIRT_FORMAL_CASUAL,specific,ACT_PRESENT_FIRST,audio/specific/BC_SPC15_SHIRT_FORMAL_CASUAL.wav
BC_SPC16_SHIRT_POLISHED,specific,ACT_PRESENT_FIRST,audio/specific/BC_SPC16_SHIRT_POLISHED.wav
BC_SPC18_SHIRT_EXISTING,specific,ACT_PRESENT_FIRST,audio/specific/BC_SPC18_SHIRT_EXISTING.wav
BC_SPC19_SHIRT_WARDROBE_GOAL,specific,ACT_PRESENT_FIRST,audio/specific/BC_SPC19_SHIRT_WARDROBE_GOAL.wav
BC_SPC17_SHIRT_TIMELESS,specific,ACT_PRESENT_FIRST,audio/specific/BC_SPC17_SHIRT_TIMELESS.wav
BC_SPC20_SHIRT_REPLACEABILITY,specific,ACT_PRESENT_FIRST,audio/specific/BC_SPC20_SHIRT_REPLACEABILITY.wav
BC_SPC21_SHIRT_INVESTMENT,specific,ACT_PRESENT_FIRST,audio/specific/BC_SPC21_SHIRT_INVESTMENT.wav
BC_SPC22_HOODIE_TYPE,specific,ACT_PRESENT_SECOND,audio/specific/BC_SPC22_HOODIE_TYPE.wav
BC_SPC23_HOODIE_COLOR,specific,ACT_PRESENT_SECOND,audio/specific/BC_SPC23_HOODIE_COLOR.wav
BC_SPC24_HOODIE_MATERIAL,specific,ACT_PRESENT_SECOND,audio/specific/BC_SPC24_HOODIE_MATERIAL.wav
BC_SPC25_HOODIE_MATERIAL_FEEL,specific,ACT_PRESENT_SECOND,audio/specific/BC_SPC25_HOODIE_MATERIAL_FEEL.wav
BC_SPC26_HOODIE_LINING,specific,ACT_PRESENT_SECOND,audio/specific/BC_SPC26_HOODIE_LINING.wav
BC_SPC27_HOODIE_FIT,specific,ACT_PRESENT_SECOND,audio/specific/BC_SPC27_HOODIE_FIT.wav
BC_SPC28_HOODIE_SLEEVES,specific,ACT_PRESENT_SECOND,audio/specific/BC_SPC28_HOODIE_SLEEVES.wav
BC_SPC29_HOODIE_LOGO,specific,ACT_PRESENT_SECOND,audio/specific/BC_SPC29_HOODIE_LOGO.wav
BC_SPC30_HOODIE_HOME_USE,specific,ACT_PRESENT_SECOND,audio/specific/BC_SPC30_HOODIE_HOME_USE.wav
BC_SPC31_HOODIE_OUTDOOR_USE,specific,ACT_PRESENT_SECOND,audio/specific/BC_SPC31_HOODIE_OUTDOOR_USE.wav
BC_SPC32_HOODIE_COLD_WEATHER,specific,ACT_PRESENT_SECOND,audio/specific/BC_SPC32_HOODIE_COLD_WEATHER.wav
BC_SPC33_HOODIE_COMFORT,specific,ACT_PRESENT_SECOND,audio/specific/BC_SPC33_HOODIE_COMFORT.wav
BC_SPC34_HOODIE_ELEVATED_STYLE,specific,ACT_PRESENT_SECOND,audio/specific/BC_SPC34_HOODIE_ELEVATED_STYLE.wav
BC_SPC35_HOODIE_EXISTING_COLORS,specific,ACT_PRESENT_SECOND,audio/specific/BC_SPC35_HOODIE_EXISTING_COLORS.wav
BC_SPC36_HOODIE_UNIQUENESS,specific,ACT_PRESENT_SECOND,audio/specific/BC_SPC36_HOODIE_UNIQUENESS.wav
BC_SPC37_HOODIE_REPLACEABILITY,specific,ACT_PRESENT_SECOND,audio/specific/BC_SPC37_HOODIE_REPLACEABILITY.wav
BC_SPC38_HOODIE_REGRET,specific,ACT_PRESENT_SECOND,audio/specific/BC_SPC38_HOODIE_REGRET.wav
BC_SPC39_SAME_PRICE,specific,ACT_COMPARE,audio/specific/BC_SPC39_SAME_PRICE.wav
BC_SPC40_ONLY_ONE,specific,ACT_THINK,audio/specific/BC_SPC40_ONLY_ONE.wav
BC_SPC41_WHY_UNDECIDED,specific,ACT_THINK,audio/specific/BC_SPC41_WHY_UNDECIDED.wav
BC_SPC42_WHICH_MORE_FORMAL,specific,ACT_COMPARE,audio/specific/BC_SPC42_WHICH_MORE_FORMAL.wav
BC_SPC43_WHICH_MORE_COMFORTABLE,specific,ACT_COMPARE,audio/specific/BC_SPC43_WHICH_MORE_COMFORTABLE.wav
BC_SPC44_WHICH_MORE_VERSATILE,specific,ACT_COMPARE,audio/specific/BC_SPC44_WHICH_MORE_VERSATILE.wav
BC_SPC45_WHICH_WEAR_MORE,specific,ACT_COMPARE,audio/specific/BC_SPC45_WHICH_WEAR_MORE.wav
BC_SPC46_WHICH_HARDER_REPLACE,specific,ACT_COMPARE,audio/specific/BC_SPC46_WHICH_HARDER_REPLACE.wav
BC_SPC47_CURRENT_PREFERENCE,specific,ACT_PREFERENCE,audio/specific/BC_SPC47_CURRENT_PREFERENCE.wav
BC_SPC48_REGRET_COMPARISON,specific,ACT_PREFERENCE,audio/specific/BC_SPC48_REGRET_COMPARISON.wav
BC_DEC01_HOODIE,decision,ACT_DECIDE,audio/decision/BC_DEC01_HOODIE.wav
BC_DEC02_SHIRT,decision,ACT_DECIDE,audio/decision/BC_DEC02_SHIRT.wav
BC_CTL01_ONE_QUESTION,control,ACT_CLARIFY,audio/control/BC_CTL01_ONE_QUESTION.wav
BC_CTL02_CLARIFY_ITEM,control,ACT_CLARIFY,audio/control/BC_CTL02_CLARIFY_ITEM.wav
BC_CTL03_CLARIFY_DETAIL,control,ACT_CLARIFY,audio/control/BC_CTL03_CLARIFY_DETAIL.wav
BC_CTL04_ASR_RETRY,control,ACT_CLARIFY,audio/control/BC_CTL04_ASR_RETRY.wav
BC_CTL05_OUT_OF_SCOPE,control,ACT_CLARIFY,audio/control/BC_CTL05_OUT_OF_SCOPE.wav
BC_CTL06_FINAL_CHOICE,control,ACT_CLARIFY,audio/control/BC_CTL06_FINAL_CHOICE.wav
BC_CTL07_CONTINUE_ASKING,control,ACT_CLARIFY,audio/control/BC_CTL07_CONTINUE_ASKING.wav
